[
    {
        "id" : 0,
        "title" : "Good News",
        "date" : "August 05, 2015",
        "image" : "img/1.jpg",
        "description" : "Lorem ipsum dolor sit amet, consectetur adipisicing elit. Quam nihil quidem illo, sint sapiente cumque, vero amet deserunt, accusantium, recusandae voluptatem hic repellendus libero esse odit. Qui molestiae dolorum iusto."
    },
    {
        "id" : 1,
        "title" : "Check out this",
        "date" : "August 15, 2015",
        "image" : "img/2.jpg",
        "description" : "Lorem ipsum dolor sit amet, consectetur adipisicing elit. Quam nihil quidem illo, sint sapiente cumque, vero amet deserunt, accusantium, recusandae voluptatem hic repellendus libero esse odit. Qui molestiae dolorum iusto."
    },
    {
        "id" : 2,
        "title" : "Another happening",
        "date" : "August 3, 2015",
        "image" : "img/3.jpg",
        "description" : "Lorem ipsum dolor sit amet, consectetur adipisicing elit. Quam nihil quidem illo, sint sapiente cumque, vero amet deserunt, accusantium, recusandae voluptatem hic repellendus libero esse odit. Qui molestiae dolorum iusto."
    }

]